Location,Name,Frequency,Duplex,Offset,Tone,rToneFreq,cToneFreq,DtcsCode,DtcsPolarity,Mode,TStep,Skip,Comment,URCALL,RPT1CALL,RPT2CALL
1,KDR444 1,444.600,,0.600000,,88.5,88.5,023,NN,NFM,6.25,,,,,
2,KDR444 2,444.650,,0.600000,,88.5,88.5,023,NN,NFM,6.25,,,,,
3,KDR444 3,444.800,,0.600000,,88.5,88.5,023,NN,NFM,6.25,,,,,
4,KDR444 4,444.825,,0.600000,,88.5,88.5,023,NN,NFM,6.25,,,,,
5,KDR444 5,444.850,,0.600000,,88.5,88.5,023,NN,NFM,6.25,,,,,
6,KDR444 6,444.875,,0.600000,,88.5,88.5,023,NN,NFM,6.25,,,,,
7,KDR444 7,444.925,,0.600000,,88.5,88.5,023,NN,NFM,6.25,,,,,
8,KDR444 8,444.975,,0.600000,,88.5,88.5,023,NN,NFM,6.25,,,,,
